{
  "roc_auc": 0.9721687370080279,
  "pr_auc": 0.7159122424484009,
  "classification_report": {
    "0": {
      "precision": 0.9998558194859964,
      "recall": 0.9756260551491277,
      "f1-score": 0.9875923453493547,
      "support": 56864.0
    },
    "1": {
      "precision": 0.06097560975609756,
      "recall": 0.9183673469387755,
      "f1-score": 0.11435832274459974,
      "support": 98.0
    },
    "accuracy": 0.9755275446789088,
    "macro avg": {
      "precision": 0.530415714621047,
      "recall": 0.9469967010439516,
      "f1-score": 0.5509753340469772,
      "support": 56962.0
    },
    "weighted avg": {
      "precision": 0.9982405275272602,
      "recall": 0.9755275446789088,
      "f1-score": 0.9860899940587528,
      "support": 56962.0
    }
  }
}